title,galery
"
Ingin Memboyong Land Cruiser 300, Siapkan Booking Fee 200 Dan Berikut Harga Lengkapnya ",https://otodriver.com/image/load/284/160/gallery/land-cruiser-300_514.jpeg
"
Fiat Chrysler Automobiles Denda Rp 4,3 Triliun Karena Terbukti Manipulasi Uji Emisi ",https://otodriver.com/image/load/284/160/gallery/screen-shot-2015-12-28-at-11-37-18-pm2955.png
"
VIDEO: Crash Test Hyundai Palisade (ANCAP) ",https://otodriver.com/image/load/284/160/gallery/palisade_2981.png
"
Ketahui Efek Negatif Pengaplikasian Semir Ban ",https://otodriver.com/image/load/284/160/gallery/semir-ban_3486.jpeg
"
SPY SHOT: Mercedes-Benz B-Class Facelift ",https://otodriver.com/image/load/284/160/gallery/mercedes-benz-b-class_3347.jpeg
"
Olympian Motors Hadirkan Mobil Klasik Listrik ",https://otodriver.com/image/load/284/160/gallery/tanpa-judul-12082.jpg
"
Usai Formula E Digelar, Sirkuit Ancol Bisa Digunakan Untuk Masyarakat Umum ",https://otodriver.com/image/load/284/160/gallery/tanpa-judul1878.jpg
"
Nissan Livina Akan Segera Ramaikan Pasar Filipina ",https://otodriver.com/image/load/284/160/gallery/livina-gw-2020-ok3766.jpg
"
Akhirnya Jaguar Berjualan Lagi di Indonesia, Simak Beberapa Model Dagangnya ",https://otodriver.com/image/load/284/160/gallery/jaguar_3904.jpeg
"
Performa Penjualan Menurun, Elon Musk Pecat 10 Pegawai Penting ",https://otodriver.com/image/load/284/160/gallery/tesla-cybertruck3644.jpg
"
Tampil All Out, Inilah Rahasia Tim Mercedes-Benz di Formula E Yang Segera Berlangsung ",https://otodriver.com/image/load/284/160/gallery/mercedes-benz-formula-e_4574.jpg
"
Spesifikasi Lengkap Porsche Taycan Turbo S, Safety Car Formula E 2022 ",https://otodriver.com/image/load/284/160/gallery/13-05-52-images3348.jpg
"
Perbandingan Harga Sirion VS Yaris VS Brio RS VS Ignis AGS ",https://otodriver.com/image/load/284/160/gallery/sirion_3112.jpeg
"
Hyundai Creta Vs All New Honda HR-V SE. Lebih Irit Manakah? ",https://otodriver.com/image/load/284/160/gallery/d9ac4770-4ea3-4949-aa91-e640c70a3137633.jpeg
"
Perbandingan Harga Subaru Forester Dengan Honda CR-V dan Mazda CX-5 ",https://otodriver.com/image/load/284/160/gallery/subaru-forester_1292.jpg
"
Ketahui Efek Negatif Pengaplikasian Semir Ban ",https://otodriver.com/image/load/364/205/gallery/semir-ban_3486.jpeg
"
Ketahui Gejala Kompresor AC Rusak, Peranti Paling Mahal Di Sistem AC Mobil ",https://otodriver.com/image/load/364/205/gallery/suzuki-swift-sparepart-kompresor-ac_1491.jpg
"
Begini Kehebatan Mobil Mungil Hasil Kolaborasi Fiat Dengan Garmin ",https://otodriver.com/image/load/364/205/gallery/garmin_2283.jpg
"
Shockbreaker Bocor Mobil Masih Bisa Digunakan, Tapi... ",https://otodriver.com/image/load/364/205/gallery/suspensi-trd-untuk-daihatsu-terios-22007.jpg
"
FIRST DRIVE: Honda HR-V 2022 ",https://otodriver.com/image/load/364/205/gallery/honda-hr-v_3931.jpeg
"
FIRST DRIVE: Volkswagen T-Cross ",https://otodriver.com/image/load/364/205/gallery/volkswagen-t-cross_4994.jpeg
"
FIRST DRIVE: Jeep Compass Limited 2021 ",https://otodriver.com/image/load/364/205/gallery/jeep-compass_2591.jpeg
"
FIRST DRIVE: Daihatsu Xenia 1.5 ASA 2021 ",https://otodriver.com/image/load/364/205/gallery/fed8e585-3624-4284-8715-9756bddecc963844.jpeg
"
VIDEO: Crash Test Hyundai Palisade (ANCAP) ",https://otodriver.com/image/load/261/147/gallery/palisade_2981.png
"
VIDEO: Crash Test Jeep Wrangler Lagi-Lagi Terbalik ",https://otodriver.com/image/load/261/147/gallery/jeep-wrangler_3503.png
"
VIDEO: Crash Test Volkswagen Multivan (Euro NCAP) ",https://otodriver.com/image/load/261/147/gallery/screen-shot-2022-05-30-at-00-08-2515.png
"
GALERI: New Daihatsu Sirion (14 FOTO) ",https://otodriver.com/image/load/261/147/gallery/suzuki-sirion_1912.jpeg
"
Mercedes-Benz V 250 Meluncur Di Indonesia, Harga RP 1,730 Miliar Off-The Road (14 FOTO) ",https://otodriver.com/image/load/261/147/gallery/mercedes-benz-v-class_4437.jpeg
